[2019-02-15_03:24:34@products/uplotnitel-termostojkij-k-multivarke-d-200mm-mv024@Уплотнитель термостойкий к мультиварке, D-200mm, MV024
[2019-02-15_03:24:34@products/knopka-rozzhiga-gazovoj-plity-pkn-500-2-2@Кнопка розжига газовой плиты ПКН-500-2-2
[2019-02-15_03:24:34@products/pereklyuchatel-duhovki-hansa-12-pozitsij-821001k-ep245@Переключатель духовки, HANSA, 12 позиций, 821001К, EP245
[2019-02-15_03:24:34@products/pereklyuchatel-duhovki--7-pozitsij-ep168@Переключатель духовки, Ariston, 7 позиций, EP168
[2019-02-15_03:24:34@products/pereklyuchatel-duhovki-zanussi-5-pozitsij-4626866814@Переключатель духовки, Zanussi, 5 позиций, 46.26866.814
[2019-02-15_03:24:34@products/pereklyuchatel-konforki-mechta-5-pozitsij-840511k-cok313un@Переключатель конфорки, Мечта, 5 позиций, 840511К, COK313UN, EP211
[2019-02-15_03:24:34@products/pereklyuchatel-konforki-8-pozitsij-universalnyj@Переключатель духовки, 8-позиций, универсальный, EP208
[2019-02-15_03:24:36@products/ruchka-lyuka-indesit-291123@Ручка люка, INDESIT, 291123
[2019-02-15_03:24:36@products/ubl-stirm-lg-6601er1004d@УБЛ, стир.м., LG, 6601ER1004D
[2019-02-15_03:24:36@products/mufta-ganzina-14@Муфта Ганзена, 1/4
[2019-02-15_03:24:36@products/reduktor-myasorubki-bosch-bs007-611988@Редуктор мясорубки BOSCH BS007 611988
[2019-02-15_03:24:36@products/shesterenka-elmyasorubka-moulinex-ms032@Шестеренка,  эл.мясорубка,  MOULINEX MS032
[2019-02-15_03:24:36@products/freza-rezak-2--zub-po-plast-i-der-d15-mm-l-rab-8mm-hvost3175mm@Фреза резак 2- зуб. по пласт. и дер. D=1,5 мм L раб.= 8мм, хвост.3,175мм
[2019-02-15_03:24:36@products/freza-rezak-2--zub-po-plast-i-der-d1-mm-l-rab-4mm-hvost3175mm@Фреза резак 2- зуб. по пласт. и дер. D=1 мм L раб.= 4мм, хвост.3,175мм
[2019-02-15_03:24:36@products/freza-rezak-2--zub-po-plast-i-der-d3175-mm-l-rab-22mm-hvost3175mm-l-45@Фреза резак 2- зуб. по пласт. и дер. D=3175 мм L раб.= 22мм (хвост.3,175мм/ L= 45)
[2019-02-15_03:24:37@products/stripper-dlya-snyatiya-izolyatsii-cs0525@Стриппер для снятия изоляции CS0525
[2019-02-15_03:24:37@products/multiinstrument-zubr-22669@Стриппер Зубр 22669
[2019-02-15_03:24:37@products/bokorezy-125mm-bosi-bs203125@Бокорезы 125мм Bosi BS203125
[2019-02-15_03:24:37@products/bokorezy-125mm-bosi-bs193059@Бокорезы 125мм Bosi BS193059
[2019-02-15_03:24:37@products/ushm-zubr-ushm-125-800m3@УШМ Зубр УШМ-125-800М3
[2019-02-15_03:24:37@products/lobzik-zubr-710vt-zl-710-80@Лобзик Зубр 710Вт ЗЛ-710-80
[2019-02-15_03:24:37@products/krug-otreznoj-zubr-125mm-36661-125@Круг отрезной Зубр 125мм 36661-125
[2019-02-15_03:24:38@products/ugolnik-stayer-600h400mm-met-3435-60@Угольник Stayer 600х400мм мет. 3435-60
[2019-02-15_03:24:38@products/shtangentsirkul-tsifrofoj-st-02-100mm@Штангенциркуль  цифрофой ST-02  100мм
[2019-02-15_03:24:38@products/vint-m41218sht-otsink-4-303156-04-012@Винт М4*12/18шт. оцинк. 4-303156-04-012
[2019-02-15_03:24:38@products/dyubel-homut-dhp-8-dlya-plosk-kabelya-5-8mm-belyj-100sht-tdm@Дюбель-хомут ДХП-8 для плоск. кабеля 5-8мм белый 100шт TDM
[2019-02-15_03:24:38@products/dyubel-homut-dhk-18-dlya-krugl-kabelya-11-18mm-belyj-100sht-tdm-@Дюбель-хомут ДХК-18 для кругл. кабеля 11-18мм белый 100шт TDM
[2019-02-15_03:24:38@products/dyubel-homut-dhk-10-dlya-krugl-kabelya-5-10mm-belyj-100sht-tdm-@Дюбель-хомут ДХК-10 для кругл. кабеля 5-10мм белый 100шт TDM
[2019-02-15_03:24:38@products/dyubel-dlya-bandazha-db-6h35-belyj-100sht-tdm-sq0539-0013@Дюбель для бандажа ДБ 6х35 белый 100шт TDM SQ0539-0013
[2019-02-15_03:24:39@products/g03@G03   перемычки мама-мама для макета без пайки  (10 шт по 20 см)
[2019-02-15_03:24:39@products/g02@G02   перемычки папа-мама для макета без пайки  (10 шт по 20 см)
[2019-02-15_03:24:39@products/g11@G11   макетная плата без пайки (400 точек)
[2019-02-15_03:24:39@products/g01@G01   перемычки папа-папа для макета без пайки  (10 шт по 20 см)
[2019-02-15_03:24:39@products/hlornoe-zhelezo-6-ti-vodnoe-900g_2@яяяХлорное железо 6-ти водное 900г
[2019-02-15_03:24:40@products/termopara-etp-01b@Термопара ETP-01B
[2019-02-15_03:24:40@products/klapan-elmagn-ar-2w21-20-viton24v-nz-34-du20-1mpa--10120s-latun@Клапан эл/магн, AR-2W21-20 Viton,=24В, НЗ, 3/4", Ду20, 1МПа, -10+120С, латунь
[2019-02-15_03:24:40@products/tokovye-kleschi-dt-3343-1000a-30mm-gosreestr@Токовые клещи, DT-3343, ~/=1000A,, 30мм, Госреестр.
[2019-02-15_03:24:40@products/tokovye-kleschi-tdm-m266s-sq1005-0005@Токовые клещи, TDM M266С, SQ1005-0005
[2019-02-15_03:24:43@products/gidroshlang-du20-34-rvd-4sndvnut19mm-prab350atmizgib-300mm@Гидрошланг ДУ20 (3/4"), РВД 4SN,Dвнут.19мм, Pраб.350атм,изгиб 300мм 1м
[2019-02-15_03:24:43@products/gidroshlang-du20-34-rvd-4sndvnut19mm-prab350atmizgib-300mm-4m@Гидрошланг ДУ20 (3/4"), РВД 4SN,Dвнут.19мм, Pраб.350атм,изгиб 300мм 4м
[2019-02-15_03:24:43@products/gidroshlang-du16-58-rvd-1sndvnut159mm-prab130-atmizgib-200mm-5m@Гидрошланг ДУ16 (5/8"), РВД 1SN,Dвнут.15,9мм, Pраб.130 атм,изгиб 200мм 5м
[2019-02-15_03:24:43@products/gidroshlang-du12-12-rvd-4sndvnut127mm-prab425-atmizgib-230mm-5m@Гидрошланг ДУ12 (1/2"), РВД 4SN,Dвнут.12,7мм, Pраб.425 атм,изгиб 230мм 5м
[2019-02-15_03:24:43@products/gidroshlang-du6-14-rvd-1sndvnut64mm-prab225-atmizgib-100mm@Гидрошланг ДУ6 (1/4"), РВД 1SN,Dвнут.6,4мм, Pраб.225 атм,изгиб 100мм 5м
[2019-02-15_03:24:43@products/gidroshlang-du10-38-rvd-1sndvnut95mm-prab180-atmizgib-130mm-5m@Гидрошланг ДУ10 (3/8"), РВД 1SN,Dвнут.9,5мм, Pраб.180 атм,изгиб 130мм 5м
[2019-02-15_03:24:43@products/gidroshlang-du20-34-rvd-4sndvnut19mm-prab350atm-prazr1400atmizgib-300mm@яяяГидрошланг ДУ20 (3/4"), РВД 4SN,Dвнут.19мм, Pраб.350атм,изгиб 300мм
[2019-02-15_03:24:44@products/gidroshlang-du12-12-rvd-4sndvnut127mm-prab425-atm-prazr1700atmizgib-230mm@яяяГидрошланг ДУ12 (1/2"), РВД 4SN,Dвнут.12,7мм, Pраб.425 атм,изгиб 230мм
[2019-02-15_03:24:44@products/gidroshlang-du16-58-rvd-1sndvnut159mm-prab130-atm-prazr520atmizgib-200mm@яяяГидрошланг ДУ16 (5/8"), РВД 1SN,Dвнут.15,9мм, Pраб.130 атм,изгиб 200мм
[2019-02-15_03:24:44@products/gidroshlang-du10-38-rvd-1sndvnut95mm-prab180-atm-prazr720atmizgib-130mm@яяяГидрошланг ДУ10 (3/8"), РВД 1SN,Dвнут.9,5мм, Pраб.180 атм,изгиб 130мм
[2019-02-15_03:24:44@products/gidroshlang-du6-14-rvd-1sndvnut64mm-prab225-atm-prazr900atmizgib-100mm@яяяГидрошланг ДУ6 (1/4"), РВД 1SN,Dвнут.6,4мм, Pраб.225 атм,изгиб 100мм
[2019-02-15_03:24:44@products/gidrotsilindr-mob-50x300-d50mm-l-shtoka300mm@Гидроцилиндр MOB 50x300, D=50мм,  L штока=300мм
[2019-02-15_03:24:44@products/gidrotsilindr-mob-80x200-d80mm-l-shtoka200mm@Гидроцилиндр MOB 80x200, D=80мм,  L штока=200мм
[2019-02-15_03:24:44@products/gidrotsilindr-mob-63x200-d63mm-l-shtoka200mm@Гидроцилиндр MOB 63x200, D=63мм, L штока=200мм
[2019-02-15_03:24:44@products/gidrotsilindr-mob-32x200-d40mm-l-shtoka200mm@Гидроцилиндр MOB 40x200, D=40мм,  L штока=200мм
[2019-02-15_03:24:44@products/gidrotsilindr-mob-32x150-d40mm-l-shtoka150mm@Гидроцилиндр MOB 40x150, D=40мм,  L штока=150мм
[2019-02-15_03:24:45@products/gidrotsilindr-mob-32x100-d32mm-l-shtoka100mm@Гидроцилиндр MOB 32x100, D=32мм,  L штока=100мм
[2019-02-15_03:24:45@products/gidrotsilindr-mob-32x50-d32mm-l-shtoka50mm@Гидроцилиндр MOB 32x50, D=32мм,  L штока=50мм
[2019-02-15_03:24:45@products/kz-8104-@Выключатель концевой, KZ-8104 Al + Zink  {=TZ-8104}
[2019-02-15_03:24:45@products/klapan-elmagn-ar-2w21-20-viton24v-nz-34-du20-1mpa--10120s-latun@Клапан эл/магн, AR-2W21-20 Viton,=24В, НЗ, 3/4", Ду20, 1МПа, -10+120С, латунь
[2019-02-15_03:24:45@products/klapan-elmagn-ar-ycsm31503-220v-nz-38-du5-03mpa-10120s-latun@Клапан эл/магн, AR-YCSM31503, 220В, НЗ, 3/8", Ду5, 0,3МПа,-10+120С, латунь
[2019-02-15_03:24:45@products/blok-podgotovki-vozduha-ew-3000-14-2000-lmin-14-05-85-bar-25mkm@Блок подготовки воздуха, EW 3000-14, 2000 л/мин, 1/4", 0,5-8,5 бар, 25мкм,
[2019-02-15_03:24:46@products/pnevmovyklyuchatel-m522-s2-pr522-k2-tip-52-prisoed14-8-bar@Пневмокнопка, M522-S2 (ПР522-К2), тип 5/2, присоед,1/4",1/8, 8 бар
[2019-02-15_03:24:47@products/termosopr-tsm-1088-pogruzh-s-bobyshkoj--50150s-l320mm@Термосопр., TСМ-1088, погруж. с бобышкой, -50...+150С, L320мм
[2019-02-15_03:24:47@products/termosopr-tsm-5071-pogruzh-s-bobyshkoj--50150s-l200mm@Термосопр., TСМ-5071, погруж. с бобышкой, -50...+150С, L200мм
[2019-02-15_03:24:48@products/termosopr-tsm-1088-pogruzh-s-bobyshkoj--50180s-l160mm@Термосопр., TСМ-1088, погруж. с бобышкой, -50...+180С, L160мм
[2019-02-15_03:24:49@products/rele-vremeni-arcom-ah3-nc-1s-60m-5a-24v-mehanicheskoe@Реле времени, ARCOM-AH3-NC, 1с-60м, 5А,, =24В, механическое
[2019-02-15_03:24:50@products/yatermopara-dlya-zavodki@яТермопара для заводки
[2019-02-15_03:24:50@products/yapreobrazovatel-chastoty-vfd022f43a@яПреобразователь частоты VFD022F43A
[2019-02-15_03:24:51@products/rele-tverdotel-arc-ssr-40va-1f-250v-40a-upr-0470kom@Реле твердотел., ARC-SSR-40VA  1ф-250В, 40А, упр 0...470кОм
[2019-02-15_03:24:52@products/lampa-signalnaya-ln-1081s-magnit-zelenaya-220v-utsenka@Лампа сигнальная, ЛН-1081С, магнит., зеленая, 220В, УЦЕНКА!
[2019-02-15_03:24:53@products/girlyanda-mishka-5m-multi@яяяГирлянда
[2019-02-15_03:24:53@products/besprovodnoj-zvonok-zbb-n-114-32m-sq1901-0119-tdm@Беспроводной звонок ЗББ-Н-11/4-32М, SQ1901-0119, TDM
[2019-02-15_03:24:53@products/nochnik-zefir-s-dimmerom-1vt-3haaa-sq0357-0122-tdm@Ночник "Зефир" с диммером, 1Вт, 3хААА, SQ0357-0122, TDM
[2019-02-15_03:24:53@products/resiver-tsifrovoj-world-vision-t64m-dvb-t2@Ресивер цифровой World Vision T64M (DVB-T2)
[2019-02-15_03:24:53@products/resiver-tsifrovoj-veko-t-888-dvb-t2@Ресивер цифровой ВЕКО T-888 (DVB-T2)
[2019-02-15_03:24:53@products/kabel-vvg-pnga-ls-3h25-chern@Кабель ВВГ-Пнг(А) LS 3х2,5 черн
[2019-02-15_03:24:53@products/kabel-vvg-pnga-ls-3h15-chern@Кабель ВВГ-Пнг(А) LS 3х1,5 черн
[2019-02-15_03:24:53@products/komplekt-dlya-bespr-uprav-osvescheniem-3kan-pu1-mk-3-tdm@Комплект для беспр. управ. освещением 3кан. ПУ1-МК-3, TDM
[2019-02-15_03:24:54@products/komplekt-dlya-bespr-uprav-osvescheniem-2kan-pu1-mk-2-tdm@Комплект для беспр. управ. освещением 2кан. ПУ1-МК-2, TDM
[2019-02-15_03:24:54@products/komplekt-dlya-bespr-uprav-osvescheniem-1kan-pu1-mk-1-tdm@Комплект для беспр. управ. освещением 1кан. ПУ1-МК-1, TDM
[2019-02-15_03:24:54@products/fotorele-s-tajm-frl-t-e27-100vt-sq0324-0025-tdm@Фотореле с тайм. ФРЛ-Т-Е27, 100ВТ, SQ0324-0025, TDM
[2019-02-15_03:24:54@products/komplekt-dlya-bespr-uprav-osvescheniem-puz-p11-e27-tdm@Комплект для беспр. управ. освещением ПУЗ-П1,1-Е27, TDM
[2019-02-15_03:24:54@products/pult-universalnyj-dlya-vorot-orbita-av-026-433mgts@Пульт универсальный для ворот Орбита AV-026 (433МГц)
[2019-02-15_03:24:55@products/avtzaschity-1p-sh201l-c10-abb@Авт.защиты 1п SH201L C10 ABB
[2019-02-15_03:24:56@products/lampa-svd-dlya-rastenij-15vt-camelion-led15-plbioe27@Лампа, свд, для растений 15Вт, Camelion, LED15-PL/BIO/E27
[2019-02-15_03:24:56@products/svetilnik-termostojkij-npb400-60vt-ip54-sq0303-0048-tdm@Светильник термостойкий, НПБ400, 60Вт, IP54, SQ0303-0048, TDM
[2019-02-15_03:24:56@products/svetilnik-svd-dlya-rastenij-8vt-lwl-2014-01cl-camelion@Светильник свд для растений 8Вт, LWL-2014-01CL, Camelion
[2019-02-15_03:24:57@products/kolodka-udlinit-4gn-bz-16a-s-vyklyuchatelem-era-k-4s_2@яяяКолодка удлинит. 4гн. (б/з 16А) с выключателем ЭРА K-4s
[2019-02-15_03:24:57@products/schetchik-3-fazn-odnotarif-220v-5-100a-neva-306-1so-zhk@Счетчик 3-фазн. однотариф.  220В 5-100А НЕВА 306 1SO жк УЦЕНКА!
[2019-02-15_03:24:57@products/schetchik-1-fazn-mnogotarif-zhki-220v-5-50a-merkurij-20002@Счетчик 1-фазн. многотариф. ЖКИ 220В 5-60А Меркурий 200.02 УЦЕНКА!
[2019-02-15_03:24:57@products/korobka-raspredelit-ip54-100h100h55-tdm-sq1401-0113@Коробка распределит. IP54 100х100х55 TDM SQ1401-0113
[2019-02-15_03:24:57@products/epra-eb-t8-236-ea3-tdm@ЭПРА  EB-T8-236-EA3  TDM
[2019-02-15_03:24:57@products/vilka-kauchuk-pryam-chern-sz-16a-sq0612-0001-tdm@Вилка каучук. прям. черн. с/з 16А, SQ0612-0001 TDM
[2019-02-15_03:24:57@products/vilka-s-vyklyuch-ugl-bel-sz-16a-sq1806-0009-tdm@Вилка с выключ.  угл. бел. с/з 16А, SQ1806-0009, TDM
[2019-02-15_03:24:57@products/vilka-s-koltsom-bel-sz-10a-sq1806-0189-tdm@Вилка с кольцом, бел. с/з 10А, SQ1806-0189, TDM
[2019-02-15_03:24:57@products/kolodka-udlinit-3gn-sz-16a-sq1806-0033-tdm@Тройник 3гн. (с/з 16А) SQ1806-0033, TDM
[2019-02-15_03:24:57@products/kolodka-udlinit-2gn-sz-16a-sq1806-0026-tdm@Тройник 2гн. (с/з 16А) SQ1806-0026, TDM
[2019-02-15_03:24:58@products/yayayaelektronnyj-muzykalnyj-zvonok-konstruktor@яяяЭлектронный музыкальный звонок (конструктор)
[2019-02-15_03:24:58@products/nm-0202-nabor-dlya-pajki-byuscheesya-serdtse-trebuet-pajki@NM 0202 Набор для пайки "Бьющееся сердце" (требует пайки)
[2019-02-15_03:24:58@products/batarejka-litievaya-cr123a-3v-energizer-el123ap@Батарейка литиевая CR123A, 3В, Energizer EL123AP
[2019-02-15_03:24:58@products/batarejka-litievaya-cr2025-3v-duracell-@Батарейка литиевая CR2025, 3В, Duracell
[2019-02-15_03:24:58@products/batarejka-litievaya-cr2450-3v-gp_2@Батарейка литиевая CR2450, 3В, GP
[2019-02-15_03:24:58@products/f7250@f7250
[2019-02-15_03:24:58@products/b66206-a1110-t1-b66206-b1110-t1-e20106@Ш-серд. E20/10/6   каркас горизонтальный 1 секция/10 контактов   B66206B1110T1
[2019-02-15_03:24:58@products/b66311-g-x187-n87-e20106-1-sht@Ш-серд. E20/10/6     феррит      N87  B66311G0000X187 Al=1470нГн без зазора
[2019-02-15_03:24:59@products/trs-35-shteker-klekmmnik@TRS 3.5  штекер клекммник
[2019-02-15_03:24:59@products/trrs-35-gnezdo-pribornoe@TRRS  3.5 гнездо приборное
[2019-02-15_03:24:59@products/res-0r51-2w-5-mf@res     0R51 2W 5%   MF
[2019-02-15_03:24:59@products/res-330r-1w-5-mf@res   330R  1W  5%   MF
[2019-02-15_03:24:59@products/vlwr9931@VLWR9931   красный 616нм 8.5лм
[2019-02-15_03:24:59@products/h92@H92
[2019-02-15_03:24:59@products/h3494@H3494
[2019-02-15_03:24:59@products/ax-32780210067@AX-32780210067
[2019-02-15_03:24:59@products/modul-atsp-24-bit-hx711@Модуль АЦП 24 бит, HX711
[2019-02-15_03:24:59@products/d3192@D3192   модуль драйвера шагового двигателя на ULN2003     31х35мм (для двиг. 28BYJ-48)
[2019-02-15_03:25:00@products/d03@D03   модуль драйвера шагового двигателя на A4988: 8...35В/2А     21х15мм (+ радиатор)
[2019-02-15_03:25:00@products/e05@E05   ЖКИ 16х2 желтая подсветка/рус  {=1602A}     80х36мм
[2019-02-15_03:25:00@products/b66@B66   модуль ИК датчика препятствия: 20...300мм     32х14мм
[2019-02-15_03:25:00@products/b58@B58
[2019-02-15_03:25:00@products/vent-12v-80h80h25mm-skolzheniya-jf0825s1l-r@vent    12В  80х80х25мм скольжения   JF0825S1L-R
[2019-02-15_03:25:00@products/wres-0r24-5w-5-sqp5@wres     0R24   5W  5%   SQP5
[2019-02-15_03:25:00@products/2060452@2060/452
[2019-02-15_03:25:00@products/2059-0301@2059-0301
[2019-02-15_03:25:00@products/2061-0602@2061-0602
[2019-02-15_03:25:00@products/pt-25b@PT-25B   динамик ВЧ: s__Вт_max/15Вт_rms/8 Ом 3000...25000Гц  93dB     D100х30мм (уценка)
[2019-02-15_03:25:01@products/ht-2-vch-rupor@HT-2   динамик ВЧ: s__Вт_max/30Вт_rms/8 Ом 1500...18000Гц  95dB     87х87х72мм  рупор
[2019-02-15_03:25:01@products/fy50-01-dinamik-1vt-8-om@TRI50N-C 8Ohm    микродинамик 1Вт  8 Ом     D50h7мм  пластик
[2019-02-15_03:25:01@products/fy30-11-dinamik-8-om@TRI30N-A 8 Ohm   микродинамик 0,5Вт  8 Ом     D30h4мм
[2019-02-15_03:25:01@products/sr10-0010@SR10-0.010   безиндуктивный т/п шунт четырехвыводной 1Вт: 10мОм 1%     sip4
[2019-02-15_03:25:01@products/mp2060-0020@MP2060-0.020   безиндуктивный т/п шунт 60Вт: 20мОм 1%      to220-2super_iso
[2019-02-15_03:25:01@products/mp2060-0010@MP2060-0.010   безиндуктивный т/п шунт 60Вт: 10мОм 2%      to220-2super_iso
[2019-02-15_03:25:01@products/mp2060-0005@MP2060-0.005   безиндуктивный т/п шунт 60Вт: 5мОм 5%      to220-2super_iso
[2019-02-15_03:25:01@products/mp915-010@MP915-0.10   безиндуктивный т/п шунт 15Вт: 100мОм 1%      to126-2iso
[2019-02-15_03:25:01@products/mp915-0050@MP915-0.050   безиндуктивный т/п шунт 15Вт: 50мОм 5%      to126-2iso
[2019-02-15_03:25:02@products/mp915-0020@MP915-0.020   безиндуктивный т/п шунт 15Вт: 20мОм 5%      to126-2iso
[2019-02-15_03:25:02@products/mp930-010@MP930-0.10   безиндуктивный т/п шунт 30Вт: 100мОм 5%      to220-2iso
[2019-02-15_03:25:02@products/mp930-0050@MP930-0.050   безиндуктивный т/п шунт 30Вт: 50мОм 1%      to220-2iso
[2019-02-15_03:25:02@products/mp930-0020-@MP930-0.020   безиндуктивный т/п шунт 30Вт: 20мОм 1%      to220-2iso
[2019-02-15_03:25:02@products/mp915-050-1-bezinduktivnyj-tp-rezistor-500mom-1-15vt-to126-2iso@MP915-0.50   безиндуктивный т/п шунт 15Вт: 500мОм 1%      to126-2iso
[2019-02-15_03:25:02@products/mp916-001-bezinduktivnyj-tp-rezistor-10mom-5-16vt-to220-2iso@MP916-0,01   безиндуктивный т/п шунт 16Вт: 10мОм 5%      to126-2iso
[2019-02-15_03:25:02@products/lto050fr1500jte3-bezinduktivnyj-tp-rezistor-50vt-015-om-5-to220-2-@LTO050FR1500JTE3   безиндуктивный т/п шунт 50Вт: 150мОм 5%     to220-2
[2019-02-15_03:25:02@products/lto050fr0200fte3-bezinduktivnyj-tp-rezistor-50vt-002-om-1-to220-2-@LTO050FR0200FTE3   безиндуктивный т/п шунт 50Вт: 20мОм 1%     to220-2
[2019-02-15_03:25:02@products/b231@SW-18015P   датчик вибрации: 12В/5мА/30 Ом     D4,6х11мм  Arduino-совместимый
[2019-02-15_03:25:03@products/tsv6392aidt@TSV6392AIDT   сдвоенный микромощный КМОП ОУ  r2r i/o  0,7В/мкс     so8
[2019-02-15_03:25:03@products/tsv6391ailt@TSV6391AILT   микромощный КМОП ОУ  r2r i/o + shutdown  0,7В/мкс     sot23-5   [K141]
[2019-02-15_03:25:03@products/ha9p5002-9z@HA9P5002-9Z   буферный усилитель 1300В/мкс Iвых=±200мА 110МГц     so8
[2019-02-15_03:25:04@products/lmv358lidt@LMV358LIDT   сдвоенный стандартный ОУ Uпит=2,7...5,5В  ind     so8
[2019-02-15_03:25:04@products/mcp79410-isn@MCP79410-I/SN   часы реального времени + sram:64/eeprom:1k i2c     so8
[2019-02-15_03:25:04@products/vn750pt-e@VN750PT-E   драйвер верхнего плеча 36В/6А/60мОм auto   ppak5
[2019-02-15_03:25:04@products/amis30660canh2rg@AMIS30660CANH2RG   CAN-трансивер     so8
[2019-02-15_03:25:04@products/nsi45035jzt1g@NSI45035JZT1G   линейный источник тока для СИД: 35...70мА/45В     sot223   [AAK]
[2019-02-15_03:25:04@products/lt3468es5-1@LT3468ES5-1   контроллер заряда фотовспышки     sot23-5   [LTAGQ]
[2019-02-15_03:25:04@products/mcp1624t-ichy@MCP1624T-I/CHY   повышающий dc-dc adj./200мА Uвх=0,35В +L     sot23-6   [CJ6P]
[2019-02-15_03:25:04@products/lm2676t-50@LM2676T-5.0   simple switcher 5В/3А     to220-7
[2019-02-15_03:25:05@products/uc2845bdg-so14@UC2845BDG   ШИМ-контроллер для SMPS  ind     so14
[2019-02-15_03:25:05@products/mcp73831t-2aciot-kontroller-zaryada-li-ionli-pol-ab-sot23-5-kd@MCP73831T-2ATI/OT   контроллер заряда Li-Ion/Li-Pol АБ     sot23-5   [KEJE]
[2019-02-15_03:25:05@products/mcp1700t-3002ett@MCP1700T-3002E/TT   микромощный LDO-стабилизатор 3,0В/250мА 2%     sot23   [CROS]
[2019-02-15_03:25:05@products/lm2931dt-50g@LM2931DT-5.0G   LDO-стабилизатор +5В/100мА     dpak
[2019-02-15_03:25:05@products/l78l33abz@78L33   стабилизатор +3,3В/100мА   L78L33ABZ     to92
[2019-02-15_03:25:06@products/74hc4020d-14r-schetchik-so16@74HC4020D   14р счетчик     so16
[2019-02-15_03:25:06@products/mx25l8006em1i-12g@MX25L8006EM1I-12G   serial flash 8M spi 3,3В 12,86МГц    so8
[2019-02-15_03:25:06@products/max1712etg@MAX1712ETG   понижающий dc-dc  adj./ +2TL     qsop24
[2019-02-15_03:25:07@products/ld7536rgl-shim-kontroller-smps-sot23-6-0pp36r@LD7536RGL   ШИМ-контроллер SMPS     sot23-6   [s__36R]
[2019-02-15_03:25:07@products/slc5013r@SLC5013R   драйвер LED-подсветки в TV     tssop24
[2019-02-15_03:25:07@products/sw868-th13@SW868-TH13   спиральная антенна 868МГц 50 Ом/2,15dBi медь D5.5х18мм
[2019-02-15_03:25:07@products/1461530300@1461530300   Wi-Fi антенна: 2,4ГГц/5ГГц кабель=30см (для BLE, BT,Thread,Wi-Fi,Wireless Hart,Zigbee)
[2019-02-15_03:25:07@products/1461530250@1461530250   Wi-Fi антенна: 2,4ГГц/5ГГц кабель=25см (для BLE, BT,Thread,Wi-Fi,Wireless Hart,Zigbee)
[2019-02-15_03:25:07@products/1461530100@1461530100   Wi-Fi антенна: 2,4ГГц/5ГГц кабель=10см(для BLE, BT,Thread,Wi-Fi,Wireless Hart,Zigbee)
[2019-02-15_03:25:07@products/1052620001@1052620001   ISM антенна: 868/915МГц 50 Ом  кабель=10см (для LoRa, Neul, SigFox, Z-Wave, Zigbee)
[2019-02-15_03:25:07@products/h13@H13   модуль Bluetooth  HC-05  для Arduino     28х14х10мм
[2019-02-15_03:25:07@products/h09@H09   модуль приемо-передатчик ISM 2,4ГГц  для Arduino     28х14х10мм
[2019-02-15_03:25:07@products/h06@H06   модуль приемо-передатчика 433МГц для Arduino  {=MX-05V, XD-RF-5V, XY-FST, XY-MK-5V}
[2019-02-15_03:25:08@products/h102@H102   модуль Wi-Fi ESP-01S на ESP8266
[2019-02-15_03:25:08@products/a33@A33   модуль WeMos D1 на ESP8266EX с Wi-Fi  Arduino-совместимый
[2019-02-15_03:25:08@products/f05@F05   джойстик 2х-осевой для Arduino {=KY-023}
[2019-02-15_03:25:08@products/b99@B99   модуль датчика пламени для Arduino {=FC-01-H}
[2019-02-15_03:25:08@products/b-datchik-kasaniya@TSv1.8   емкостный датчик касания для Arduino
[2019-02-15_03:25:08@products/b20@B20   модуль датчика газов для Arduino на MQ2: метан, бутан, водород     32х22х27мм
[2019-02-15_03:25:08@products/b227@B227   модуль датчика газов для Arduino на MQ135: бензол, аммиак, спирт, дым     32х22х27мм
[2019-02-15_03:25:08@products/b23@B23   модуль датчика газов для Arduino на MQ5: метан, LPG, пропан     32х22х27мм
[2019-02-15_03:25:08@products/b51@B51   датчик уровня воды: Arduino-совместимый
[2019-02-15_03:25:08@products/d3197@D3197   модуль драйвера шагового двигателя на ULN2003     18х26мм (для двиг. 28BYJ-48)
[2019-02-15_03:25:09@products/d02@D02   модуль 2х кан. драйвера шагового двигателя на L298N: 35В/2А
[2019-02-15_03:25:09@products/d3195@D3195  модуль 2х кан. драйвера шагового двигателя на L298N: 35В/2А
[2019-02-15_03:25:09@products/c02@C02   модуль реле 2 кан. TTL для Arduino: 250Вac/28Вdc/10А
[2019-02-15_03:25:09@products/a6009-1@ARDUINO PRO MINI 328   модуль Arduino на Atmega328  {A6009-1}
[2019-02-15_03:25:09@products/arduino-uno-r3-modul-arduino-na-atmega328-a6001@ARDUINO UNO R3   модуль Arduino на Atmega328   {=A6001}
[2019-02-15_03:25:09@products/ars-200l-12-modul-ac-dc-12v-167a-200w-@ARS-200L-12   модуль ac-dc  (12V, 16.7A, 200W)
[2019-02-15_03:25:09@products/net-75c-modul-ac-dc-75vt-5v6a15v23a-15v05a-brick@NET-75B   модуль ac-dc 75Вт: +5В/6А//+15В/2,3А//-15В/0,5А     brick
[2019-02-15_03:25:09@products/arpv-12060-d-modul-ac-dc-60vt-12v5a-ip67@ARPV-12060-D   модуль ac-dc 60Вт: 12В/5А ip67     257х30х20мм
[2019-02-15_03:25:09@products/arv-ht12048-slim-modul-ac-dc-48vt-12v4a-ip20-@ARV-HT12048-Slim   модуль ac-dc 48Вт: 12В/4A  ip20     330х18х18мм
[2019-02-15_03:25:09@products/arpv-12150-slim-ac-dc-100vt-12v125a-ip67@ARPV-12150-SLIM   модуль ac-dc 150Вт: 12В/12.5А IP67
[2019-02-15_03:25:10@products/mb101@MB101   модуль питания для Arduino: +3,3В/700мА | +5В/700мА  Uвх=6,5...12В
[2019-02-15_03:25:10@products/dc-dc-preobrazovatel-s-tsifr-voltmetrom-4-38v-5a-na-mikrosheme-lm2596s-adj-@dc-dc преобразователь с цифр. вольтметром (4-38В, 5А) на микросхеме LM2596S-ADJ
[2019-02-15_03:25:10@products/k293kp11bp-5p19b1@К293КП11БП   оптореле МОП двунапр. 400В/0,7А     sip12   {=5П19Б1}  [11БП]
[2019-02-15_03:25:10@products/cpc1130n@CPC1130N   оптореле n.c. MOS 350Вac/120мА/30 Ом     sop4
[2019-02-15_03:25:10@products/cpc1114n@CPC1114N   оптореле n.c. MOS 60Вac/400мА/2 Ом     sop4
[2019-02-15_03:25:10@products/linza-dlya-svetodiodov-20mm@1408K   линза 20°  для СИД CREE: XPG, ...  черный    D22х13мм
[2019-02-15_03:25:10@products/linza-dlya-svetodiodov-13mm@1407А   линза 20°  для СИД CREE: 3535, ...  белая    D13х8мм
[2019-02-15_03:25:11@products/linza-dlya-svetodiodov-10mm@1407   линза диффуз. 20°  для СИД CREE: 3535, ...  белая    D11х7мм
[2019-02-15_03:25:11@products/cree-xml-t6-10w-12mm@XMLAWT-00-0000-0000T6051  LED-модуль 10Вт: белый  холодный  1100лм/120° Imax=3А     star:120мм
[2019-02-15_03:25:11@products/almd-el3d-vx002@ALMD-EL3D-VX002   янтарный 590нм  9,3Кд
[2019-02-15_03:25:11@products/kph-1608sgc-zelenyj-12mkd-120gr-16h08mm@KPH-1608SGC   зеленый  568нм 10мкд 120°     0603
[2019-02-15_03:25:11@products/almd-cb3d-rt002@ALMD-CB3D-RT002   синий 470нм  3,2Кд
[2019-02-15_03:25:11@products/lemws59r80hz2eco@LEMWS59R80HZ2ECO   белый холодный 5000K  0,6Вт: 55лм
[2019-02-15_03:25:11@products/kp-1608f3c@KP-1608F3C   ИК 940нм 3мВт: 1,2В
[2019-02-15_03:25:11@products/lampa-podsvetki-zhk-panelej-320mm-sdvoennaya@Лампа подсветки ЖК панелей (320мм, сдвоенная)
[2019-02-15_03:25:12@products/svetodiodnaya-planka-dlya-podsvetki-zhk-panelej-lm41-00135alm41-00136a-1130mm-14-linz-samsung@Светодиодная планка для подсветки ЖК панелей LM41-00135A/LM41-00136A (1130мм, 14 линз) (Samsung)
[2019-02-15_03:25:12@products/svetodiodnaya-planka-dlya-podsvetki-zhk-panelej-6919l-1385a6919l-1386a-820mm-10-linz@Светодиодная планка для подсветки ЖК панелей 6919L-1385A/6919L-1386A (820мм, 10 линз)
[2019-02-15_03:25:12@products/svetodiodnaya-planka-dlya-podsvetki-zhk-panelej-2013chi400-3228n1-05-rev11-141223-400mm-5-linz-sam@Светодиодная планка для подсветки ЖК панелей 2013CHI400 3228N1 05 REV1.1 141223 (400мм, 5 линз) (Sam
[2019-02-15_03:25:12@products/svetodiodnaya-planka-dlya-podsvetki-zhk-panelej-2012svs40-3228-770mm-12-linz-samsung@Светодиодная планка для подсветки ЖК панелей 2012SVS40 3228 (770мм, 12 линз) (Samsung)
[2019-02-15_03:25:12@products/svetodiodnaya-planka-dlya-podsvedki-zhk-panelej-drt-30-32-590mm-6-linz-komplekt-3sht-lg-innotek@Светодиодная планка для подсведки ЖК панелей DRT 3.0 32" (590мм, 6 линз, комплект 3шт) (LG Innotek)
[2019-02-15_03:25:12@products/svetodiodnaya-planka-dlya-podsvetki-zhk-panelej-6919l-1956e6919l-1957e-825mmyu-8-linz-lg-innotek@Светодиодная планка для подсветки ЖК панелей 6919L-1956E/6919L-1957E (825мм.ю 8 линз) LG Innotek
[2019-02-15_03:25:12@products/tlwr9600-krasnyj-32lm70ma22v-60gr-piranya@VLWR9930   красный 616нм 8.5лм
[2019-02-15_03:25:12@products/kp-1608p1c@KP-1608P1C   ИК фототранзистор 940нм  30В Iт=100нА     smd:1,6х0,8мм
[2019-02-15_03:25:12@products/1812x7r-50-001mkf@cercap1812..   0,01uF       50В  10%  X7R
[2019-02-15_03:25:13@products/mks2c032201b00ko00@cap.     0,22uF/  63Vdc 10% PET/металлизация 5мм межвыв. MKS2C032201B00KO00
[2019-02-15_03:25:13@products/mks2c021001a00mi00@cap.     0,010uF/  63Vdc 20% PET/металлизация 5мм межвыв. MKS2C021001A00MI00
[2019-02-15_03:25:13@products/cap-1000100vdc63vac-25-polipropilenfolga-5mm-mezhvyv-fkp2d011001d00hssd@cap  1000pF/ 100Vdc 10% PET/фольга 5мм межвыв.  FKS2D011001A00KF00
[2019-02-15_03:25:13@products/fkp2d013301g00jssd@cap  3300pF/  100Vdc/40Vac 5% полипропилен/фольга 5мм межвыв.  FKP2D013301G00JSSD
[2019-02-15_03:25:13@products/mkp1d011502c00ki00@cap  1500pF/ 100Vdc/63Vac 10% полипропилен/металлизация  MKP1D011502C00KI00
[2019-02-15_03:25:13@products/cap-2200100vdc63vac-25-polipropilenfolga-5mm-mezhvyv-fkp2d012201d00hssd@cap  2200pF/  63Vdc/40Vac 2,5% полипропилен/фольга 5мм межвыв.  FKP2C012201D00HSSD
[2019-02-15_03:25:13@products/cap-470100vdc63vac-25-polipropilenfolga-5mm-mezhvyv-fkp2d004701d00hssd@cap   470pF/100Vdc/63Vac 10% полипропилен/фольга 5мм межвыв.  FKP2D004701D00KI00
[2019-02-15_03:25:13@products/cap-100100vdc63vac-25-polipropilenfolga-5mm-mvyv-fkp2d001001d00hssd@cap   100pF/ 63Vdc/40Vac 10% полипропилен/фольга 5мм межвыв.  FKP2C001001D00KSSD
[2019-02-15_03:25:13@products/jrb1h470m02500630110000b@ecap    47uF/ 50V           105°С   0611  JRB1H470M02500630110000B
[2019-02-15_03:25:13@products/jrb1e471m5001000120000b@ecap   470uF/ 25V          105°С   1012  JRB1E471M5001000120000B
[2019-02-15_03:25:14@products/sck202r515ms@SCK202R515MS   NTC термистор 2.5 Ом, 15А   D20мм
[2019-02-15_03:25:14@products/3048l-2-502@3048L-2-502   линейный потенциометр 5K  0,25Вт  раб.ход=5,08мм/500k циклов
[2019-02-15_03:25:14@products/rk-1112n-b1k@vres     1K "B"         RK-1112N-B1K, L-25F   вал D6х25мм:лыска
[2019-02-15_03:25:14@products/r-17n4-b100k@vres   100K "B"        R-17N1-B100K, L-15KC     вал D6х15мм: насечка
[2019-02-15_03:25:14@products/r-17n1-b5k@vres     5K "B"        R-17N1-B5K, L-15KC     вал D6х15мм: насечка
[2019-02-15_03:25:14@products/r-17n1-b50k@vres    50K "B"        R-17N1-B50K, L-15KC     вал D6х15мм: насечка
[2019-02-15_03:25:14@products/r-17n1-b10k@vres    10K "B"        R-17N1-B10K, L-15KC     вал D6х15мм: насечка
[2019-02-15_03:25:14@products/r0904n-b50k@vres    10K "B"        R-0904N-B50K,L-25F  вал D6х25мм: лыска
[2019-02-15_03:25:14@products/r-0901n-a10k@vres    10K "A"        R-0901N-A10K, H-6.5, L-15KQ  угловой,  вал D6х15мм
[2019-02-15_03:25:14@products/ptv09a-4225f-b502@vres     5K "A"         PTV09A-4225F-B502     вал D6х25мм:лыска
[2019-02-15_03:25:15@products/ptv09a-4225f-b203@vres    20K "A"        PTV09A-4225F-B203     вал D6х25мм:лыска
[2019-02-15_03:25:15@products/ptv09a-4225f-b104@vres   100K "A"       PTV09A-4225F-B104     вал D6х25мм:лыска
[2019-02-15_03:25:15@products/ptv09a-4225f-b103@vres    10K "A"        PTV09A-4225F-B103     вал D6х25мм:лыска
[2019-02-15_03:25:15@products/ptv09a-4225f-b102@vres     1K "A"         PTV09A-4225F-B102     вал D6х25мм:лыска
[2019-02-15_03:25:15@products/ptr901-2015-b103@vres    10K "A"        PTR901-2015K-B103 с выключателем вал D6х15мм:насечка
[2019-02-15_03:25:15@products/sj-b-20db@tres       75R    SJ-B   аттеньюатор для CATV: 20dB/1ГГц
[2019-02-15_03:25:15@products/crcw04021k00fkedhp@res0402.      1K    1% 0,2Вт  100ppm   CRCW04021K00FKEDHP  толстопленочный     smd
[2019-02-15_03:25:15@products/res0603-180k-5-rc0603jr-07180kl-smdreel@res0603.   180K  5%   RC0603JR-07180KL   smd/reel
[2019-02-15_03:25:15@products/rc0805fr-07820kl@res0805.   820K  1%   RC0805FR-07820KL     smd/reel
[2019-02-15_03:25:16@products/res-91k-1w@res.    91K  1W  5%   MF
[2019-02-15_03:25:16@products/res-5m6-1w-c2-33@res..     5M6 1W  5%   MF
[2019-02-15_03:25:16@products/res-560k-1w-c1-4@res.   560K  1W  5%   CF
[2019-02-15_03:25:16@products/res-430k-1w-c1-4@res.   430K  1W  5%   MF
[2019-02-15_03:25:16@products/res-3k0-1w@res.     3K0 1W  5%   MO
[2019-02-15_03:25:16@products/res-2m0-1w-c2-33@res..     2M0 1W  5%   MO
[2019-02-15_03:25:16@products/res-47r-1w-c2-33@res    47R  1W  5%   MF
[2019-02-15_03:25:16@products/res-2k0-1w-c1-4@res.     2K0 1W  5%   MF
[2019-02-15_03:25:16@products/res-220r-1w-c2-23@res   220R  1W  5%   MF
[2019-02-15_03:25:16@products/res-4k7-1w-c1-4@res.     4K7 1W  5%   MF
[2019-02-15_03:25:17@products/res-1m5-1w-c2-33@res..     1M5 1W  5%   MF
[2019-02-15_03:25:17@products/res-1k5-1w-c1-4@res.     1K5 1W  5%   MF
[2019-02-15_03:25:17@products/res-10m-1w-c2-23@res..    10M  1W  5%   MF
[2019-02-15_03:25:17@products/res-360r-1w-c1-4@res   360R  1W  5%   MF
[2019-02-15_03:25:17@products/res-470r-1w-c1-4@res   470R  1W  5%   MF
[2019-02-15_03:25:17@products/res-2k7-1w-c2-33@res.     2K7 1W  5%   MF
[2019-02-15_03:25:17@products/res-33r-1w-c1-4@res    33R  1W  5%   MF
[2019-02-15_03:25:17@products/res-150r-1w@res   150R  1W  5%   MF
[2019-02-15_03:25:17@products/res-300r-1w-c1-4@res   300R  1W  5%   MF
[2019-02-15_03:25:18@products/res-470k-1w-c1-4@res.   470K  1W  5%   СF
[2019-02-15_03:25:18@products/res-180k-1w-c2-33@res.   180K  1W  5%   MF
[2019-02-15_03:25:18@products/res-62k-1w-c2-33@res.    62K  1W  5%   MF
[2019-02-15_03:25:18@products/res-47k-1w-c2-33@res.    47K  1W  5%   MF
[2019-02-15_03:25:18@products/res-43k-1w-c2-33@res.    43K  1W  5%   MF
[2019-02-15_03:25:18@products/res-3k6-1w-c1-4@res.     3K6 1W  5%   MF
[2019-02-15_03:25:18@products/res-820r-1w-c1-4@res   820R  1W  5%   MF
[2019-02-15_03:25:18@products/res-510r-1w-c1-4@res   510R  1W  5%   MF
[2019-02-15_03:25:18@products/res-75r-1w-c1-4@res    75R  1W  5%   MF
[2019-02-15_03:25:18@products/res-910r-1w@res   910R  1W  5%   MF
[2019-02-15_03:25:19@products/res-220k-1w-c1-4@res.   220K  1W  5%   MF
[2019-02-15_03:25:19@products/res-62r-1w-c1-4@res    62R  1W  5%   MF
[2019-02-15_03:25:19@products/res-15k-1w-c1-4@res.    15K  1W  5%   MF
[2019-02-15_03:25:19@products/res-200k-1w@res.   200K  1W  5%   MF
[2019-02-15_03:25:19@products/res-120r-1w@res   120R  1W  5%   MF
[2019-02-15_03:25:19@products/res-100k-1w-c1-4@res.   100K  1W  5%   MF
[2019-02-15_03:25:19@products/res-9k1-1w-c2-33@res.     9K1 1W  5%   MF
[2019-02-15_03:25:19@products/res-8k2-1w-c1-4@res.     8K2 1W  5%   MF
[2019-02-15_03:25:19@products/res-82r-1w-c1-4@res    82R  1W  5%   MF
[2019-02-15_03:25:19@products/res-7k5-1w-c1-4@res.     7K5 1W  5%   MF
[2019-02-15_03:25:20@products/res-75k-1w-c2-33@res.    75K  1W  5%   MF
[2019-02-15_03:25:20@products/res-750r-1w-c1-4@res   750R  1W  5%   MF
[2019-02-15_03:25:20@products/res-6k8-1w-c2-33@res.     6K8 1W  5%   MF
[2019-02-15_03:25:20@products/res-6k2-1w-c2-33@res.     6K2 1W  5%   MF
[2019-02-15_03:25:20@products/res-68r-1w-c1-4@res    68R  1W  5%   MF
[2019-02-15_03:25:20@products/res-680k-1w-c2-33@res.   680K  1W  5%   MF
[2019-02-15_03:25:20@products/res-620r-1w-c2-33@res   620R  1W  5%   MF
[2019-02-15_03:25:20@products/res-5k6-1w-c1-4@res.     5K6 1W  5%   MF
[2019-02-15_03:25:20@products/res-56k-1w-c2-33@res.    56K  1W  5%   MF
[2019-02-15_03:25:20@products/res-51r-1w-c1-4@res    51R  1W  5%   MF
[2019-02-15_03:25:20@products/res-51k-1w-c1-4@res.    51K  1W  5%   MF
[2019-02-15_03:25:21@products/res-43r-1w-c2-33@res    43R  1W  5%   MF
[2019-02-15_03:25:21@products/res-3k9-1w-c1-4@res.     3K9 1W  5%   MF
[2019-02-15_03:25:21@products/res-30k-2w-c2-33@res.    30K   2W  5%   MO
[2019-02-15_03:25:21@products/res-11k-2w@res.    11K   2W  5%   MF
[2019-02-15_03:25:21@products/res-9r1-2w-c2-33@res     9R1  2W  5%   MO
[2019-02-15_03:25:21@products/res-91r-2w-c2-33@res    91R  2W  5%   MF
[2019-02-15_03:25:21@products/res-3r6-2w-c1-4@res     3R6  2W  5%   MO
[2019-02-15_03:25:21@products/res-3m3-2w@res..     3M3 2W  5%   MO
[2019-02-15_03:25:21@products/res-3k6-2w-c1-4@res.     3K6  2W  5%   MO
[2019-02-15_03:25:21@products/res-33k-2w-c2-33@res.    33K   2W  5%   MF
[2019-02-15_03:25:22@products/res-330k-2w-mf-1-5@res.   330K  2W  5%   MO
[2019-02-15_03:25:22@products/res-2r7-2w-5@res     2R7  2W  5%   MO
[2019-02-15_03:25:22@products/res-2r4-2w-5@res     2R4  2W  5%   MO
[2019-02-15_03:25:22@products/res-2k0-2w-c1-4@res.     2K0  2W  5%   MO
[2019-02-15_03:25:22@products/res-240k-2w-c1-4@res.   240K  2W  5%   MO
[2019-02-15_03:25:22@products/res-1m2-2w@res..     1M2 2W  5%   MO
[2019-02-15_03:25:22@products/res-160k-2w-c1-4@res.   160K  2W  5%   MO
[2019-02-15_03:25:22@products/res-13r-2w-c1-4@res    13R  2W  5%   MO
[2019-02-15_03:25:22@products/res-390r-2w-c2-23@res   390R  2W  5%   MF
[2019-02-15_03:25:22@products/res-22r-2w-c2-23@res    22R  2W  5%   MF
[2019-02-15_03:25:23@products/res-51k-2w-c1-4@res.    51K   2W  5%   MF
[2019-02-15_03:25:23@products/res-0r24-2w-c1-4@res     0R24 2W 5%   MF
[2019-02-15_03:25:23@products/res-0r12-2w@res     0R12 2W 5%   MF
[2019-02-15_03:25:23@products/res-3k3-2w-c1-4@res.     3K3  2W  5%   MF
[2019-02-15_03:25:23@products/res-0r68-2w@res     0R68 2W 5%   MF
[2019-02-15_03:25:23@products/res-47k-2w-c2-33@res.    47K   2W  5%   MF
[2019-02-15_03:25:23@products/res-2r2-2w-5@res     2R2  2W  5%   MF
[2019-02-15_03:25:23@products/res-16r-2w-c1-4@res    16R  2W  5%   MF
[2019-02-15_03:25:23@products/res-6k8-2w-c2-33@res.     6K8  2W  5%   MF
[2019-02-15_03:25:23@products/res-820r-2w-c1-4@res   820R  2W  5%   MF
[2019-02-15_03:25:24@products/res-47r-2w-c2-33@res    47R  2W  5%   MF
[2019-02-15_03:25:24@products/res-150r-2w@res   150R  2W  5%   MF
[2019-02-15_03:25:24@products/res-1r3-2vt-c1-4@res     1R3  2W  5%   MF
[2019-02-15_03:25:24@products/res-1r1-2w-c1-4@res     1R1  2W  5%   MF
[2019-02-15_03:25:24@products/res-4r7-2w@res     4R7  2W  5%   MF
[2019-02-15_03:25:24@products/res-910k-2w-c2-33@res.   910K  2W  5%   MO
[2019-02-15_03:25:24@products/res-750k-2w-c1-4@res.   750K  2W  5%   MO
[2019-02-15_03:25:24@products/res-680k-2w-c2-33@res.   680K  2W  5%   MO
[2019-02-15_03:25:24@products/res-620k-2w-c2-33@res.   620K  2W  5%   MO
[2019-02-15_03:25:24@products/res-43k-2w-c2-33@res.    43K   2W  5%   MF
[2019-02-15_03:25:25@products/res-620r-2w-c2-33@res   620R  2W  5%   MF
[2019-02-15_03:25:25@products/res-470r-2w-c2-33@res   470R  2W  5%   MF
[2019-02-15_03:25:25@products/res-430r-2w-c2-33@res   430R  2W  5%   MF
[2019-02-15_03:25:25@products/res-270r-2w-c2-33@res   240R  2W  5%   MF
[2019-02-15_03:25:25@products/res-75r-2w-c1-4@res    75R  2W  5%   MF
[2019-02-15_03:25:25@products/res-62r-2w-c1-4@res    62R  2W  5%   MF
[2019-02-15_03:25:25@products/res-51r-2w-c1-4@res    51R  2W  5%   MF
[2019-02-15_03:25:25@products/res-30r-2w-s2-33@res    30R  2W  5%   MF
[2019-02-15_03:25:25@products/res-24r-2w-c2-23@res    24R  2W  5%   MF
[2019-02-15_03:25:25@products/res-220k-2w-c1-4@res.   220K  2W  5%   MF
[2019-02-15_03:25:26@products/res-360r-2w-c2-23@res   360R  2W  5%   MF
[2019-02-15_03:25:26@products/res-3k0-2w@res.     3K0  2W  5%   MF
[2019-02-15_03:25:26@products/res-220r-2w-c2-23@res   220R  2W  5%   MF
[2019-02-15_03:25:26@products/res-1r0-2w-5@res     1R0  2W  5%   MF
[2019-02-15_03:25:26@products/res-0r39-2w-5@res     0R39 2W 5%   MF
[2019-02-15_03:25:26@products/res-0r15-2w-5@res     0R15 2W 5%   MF
[2019-02-15_03:25:26@products/res-180k-2w-c2-33@res.   180K  2W  1%   MF
[2019-02-15_03:25:26@products/res-16k-2w@res.    16K   2W  5%   MF
[2019-02-15_03:25:26@products/res-15k-2w@res.    15K   2W  5%   MF
[2019-02-15_03:25:26@products/res-0r22-2w@res     0R22 2W 5%   MF
[2019-02-15_03:25:27@products/res-0r82-2w@res     0R82 2W 5%   MF
[2019-02-15_03:25:27@products/res-0r33-2w@res     0R33 2W 5%   MF
[2019-02-15_03:25:27@products/res-0r27-2w@res     0R27 2W 5%   MF
[2019-02-15_03:25:27@products/res-0r1-2w@res     0R10 2W 5%   MF
[2019-02-15_03:25:27@products/res-9k1-2w-c2-33@res.     9K1  2W  5%   MF
[2019-02-15_03:25:27@products/res-910r-2w@res   910R  2W  5%   MO
[2019-02-15_03:25:27@products/res-8k2-2w-c2-23@res.     8K2  2W  5%   MF
[2019-02-15_03:25:27@products/res-82r-2w-c2-33@res    82R  2W  5%   MF
[2019-02-15_03:25:27@products/res-75k-2w-mf2@res.    75K   2W  5%   MO
[2019-02-15_03:25:27@products/res-6r8-2w-c2-23@res     6R8  2W  5%   MF
[2019-02-15_03:25:28@products/res-680r-2w-c2-33@res   680R  2W  5%   MF
[2019-02-15_03:25:28@products/pres-100k-01-0125vt-s2-29@pres   100K  0,1%    0,125Вт   С2-29
[2019-02-15_03:25:28@products/bym10-600-e3@BYM10-600-E3   диод 600В/1А     melf
[2019-02-15_03:25:28@products/kts117d-diod-10ma4kv15kgts@яяяяКЦ117Д   диод 4кВ/10мА/15кГц
[2019-02-15_03:25:28@products/kts117b-diod-3ma10kv15kgts@яяяКЦ117Б   диод 10кВ/3мА/15кГц
[2019-02-15_03:25:28@products/bts2140-1b-intel-klyuch-d2pak@BTS2140-1B  IGBT ingnition 400В/14А     d2pak
[2019-02-15_03:25:28@products/mjd350t4@MJD350T4   pnp: 300В/0,5А     dpak
[2019-02-15_03:25:29@products/mjd340t4@MJD340T4   npn: 300В/0,5А     dpak
[2019-02-15_03:25:29@products/mjd350t4-pnp-300v500ma-dpak-j350g@MJD350G   pnp 300В/500мА     dpak   [J350G]
[2019-02-15_03:25:29@products/kt8109a@яяяКТ8109А
[2019-02-15_03:25:29@products/vns1nv04dp-e@VNS1NV04DP-E   2х nМОП защищенных: 40В/1,7А/250мОм     so8  [1NV04DP] (OMNIFET II)
[2019-02-15_03:25:29@products/ipb010n06natma1@IPB010N06NATMA1   nМОП 60В/180А/0,8мОм     d2pak
[2019-02-15_03:25:29@products/rfd16n05lsm9a@RFD16N05LSM9A   nМОП 50В/16А/47мОм     dpak
[2019-02-15_03:25:29@products/2n7002k@2N7002K   nМОП 60В/300мА/2 Ом  "защищенный"     sot23   [7KHPE]
[2019-02-15_03:25:29@products/fda59n25@FDA59N25   nМОП: 250В/59А     to3pn
[2019-02-15_03:25:29@products/nx7002ak@NX7002AK   nМОП: 60В/300мА/3 Ом "защищенный/trench"     sot23   [WCM]
[2019-02-15_03:25:29@products/tp0610k-t1@TP0610K-T1   pМОП -60В/-185мА/6 Ом защищенный     sot23   [6KWBA]
[2019-02-15_03:25:30@products/fdn304p@FDN304P   pМОП -20В/-2,4А/52мОм     sot23   [304P7]
[2019-02-15_03:25:30@products/fan-12v-40h40h10mm-kacheniya-kf0410b1l-ym1204pfb1@vent    12В  40х40х10мм качения   KF0410B1L
[2019-02-15_03:25:30@products/fan-12v-40h40h10mm-kacheniyaskolzheniya-kf0410c1h@vent    12В  40х40х10мм  скольжения   KF0410S1H
[2019-02-15_03:25:30@products/fan-12v-40h40h10mm-skolzheniya-g1-486-kompyuternyj-s-radiatorom@яяяfan    12В  40х40х10мм скольжения  G1-486   компьютерный с радиатором
[2019-02-15_03:25:30@products/fan-220v-120h120h38mm-skolzheniya-g12038ha2sl-7p@vent   220В 120х120х38мм скольжения   G12038HA2SL-7P (KA1238H2S110N-T-R)
[2019-02-15_03:25:30@products/o-241-ohladitel-m10-80h80h45@О-241 охладитель М10 80х80х45
[2019-02-15_03:25:30@products/thfu-2@THFU 2   клипса для корпусов to218/to220/to247/... 60N нерж.сталь
[2019-02-15_03:25:30@products/ksdi--60-termostat-no-60s-5a250vac-b-1009@KSDI- 60   термостат  н.о. (!!!) 60°С    5А/250Вac   {=B-1009NO}
[2019-02-15_03:25:31@products/fs57x26ws-49h18m-litsevaya-panel-tonirovannaya-dlya-zhki-49h18mm--tsveta-v-assortimente-50h30mm@FS57x26WS-49х18M   антибликовая панель для ЖКИ 57х26мм окно:49х18мм
[2019-02-15_03:25:31@products/fs28x19b-49h17m-litsevaya-panel-tonirovannaya-dlya-zhki-28h19mm--tsveta-v-assortimente-50h30mm@FS28x19B-21.7х13M   антибликовая панель для ЖКИ 28х19мм окно:21,7х19мм
[2019-02-15_03:25:31@products/fs74x29b-49h17m-litsevaya-panel-tonirovannaya-dlya-zhki-74h29mm--tsveta-v-assortimente-50h30mm@FS74x29B-49х17M   антибликовая панель для термостата STH0024: 74х29мм окно:49х17мм
[2019-02-15_03:25:31@products/fs45x25b-37h17t-litsevaya-panel-tonirovannaya-dlya-zhki-45h25mm--tsveta-v-assortimente-50h30mm@FS45x25B-37х17M   антибликовая панель для ЖКИ 45х25мм окно:37х17мм
[2019-02-15_03:25:31@products/fs50x30b-37h17t-litsevaya-panel-tonirovannaya-dlya-zhki-37h17mm--tsveta-v-assortimente-50h30mm@FS50x30S-37х17T   антибликовая панель для ЖКИ 50х30мм окно:37х17мм
[2019-02-15_03:25:32@products/l-616w-24v@L-616W-24V   светодиод с держателем 24В: белый     M8х27мм
[2019-02-15_03:25:32@products/l-616b-24v@L-616B-24V   светодиод с держателем 24В: синий     M8х27мм
[2019-02-15_03:25:32@products/l-616g-24v@L-616G-24V   светодиод с держателем 24В: зеленый     M8х27мм
[2019-02-15_03:25:32@products/l-616y-24v@L-616Y-24V   светодиод с держателем 24В: желтый     M8х27мм
[2019-02-15_03:25:32@products/l-616r-24v@L-616R-24V   светодиод с держателем 24В: красный     M8х27мм
[2019-02-15_03:25:32@products/l-616-w-220v@L-616W-220V   светодиод с держателем 220Вac: белый     M8х27мм
[2019-02-15_03:25:32@products/l-616-b-220v@L-616B-220V   светодиод с держателем 220Вac: синий     M8х27мм
[2019-02-15_03:25:32@products/l-616-g-220v@L-616G-220V   светодиод с держателем 220Вac: зеленый     M8х27мм
[2019-02-15_03:25:32@products/l-616-y-220v@L-616Y-220V   светодиод с держателем 220Вac: желтый     M8х27мм
[2019-02-15_03:25:32@products/l-706-1-w-220v-svetodiod-s-derzhatelem-220v-belyj-m8h36mm@L-706-1W-220V   светодиод с держателем 220В: белый     M8х36мм
[2019-02-15_03:25:33@products/l-706-1-b-220v-svetodiod-s-derzhatelem-220v-sinij-m8h36mm@L-706-1B-220V   светодиод с держателем 220Вac: синий     M8х36мм
[2019-02-15_03:25:33@products/l-616-r-12v-svetodiod-s-derzhatelem-12v-krasnyj-m8h27mm@L-616R-12V   светодиод с держателем 12В: красный     M8х27мм
[2019-02-15_03:25:33@products/l-616-y-12v-svetodiod-s-derzhatelem-12v-zheltyj-m8h27mm@L-616Y-12V   светодиод с держателем 12В: желтый     M8х27мм
[2019-02-15_03:25:33@products/l-616-w-12v-svetodiod-s-derzhatelem-12v-belyj-m8h27mm@L-616W-12V   светодиод с держателем 12В: белый     M8х27мм
[2019-02-15_03:25:33@products/l-704-y-12v-svetodiod-s-derzhatelem-12v-zheltyj-m8h36mm@L-706-Y 12V   светодиод с держателем 12В: желтый     M8х35мм
[2019-02-15_03:25:33@products/l-701-g-12v-svetodiod-s-derzhatelem-12v-zelenyj-m8h35mm@L-706-G 12V   светодиод с держателем 12В: зеленый     M8х35мм
[2019-02-15_03:25:33@products/l-701r-svetodiod-s-derzhatelem-12v-krasnyj-m6@L-706-W 12V   светодиод с держателем 12В: белый     M8х35мм
[2019-02-15_03:25:33@products/mg16@MG16   кабельный ввод  под кабель 4...8мм  ip68  метрический:М16  нейлон/черный
[2019-02-15_03:25:33@products/mg12@MG12   кабельный ввод  под кабель 3...6,5мм  ip68  метрический:М12   нейлон/черный
[2019-02-15_03:25:33@products/l-kls8-0616-mg-12-w@L-KLS8-0616-MG-12-W   кабельный ввод  под кабель 4,6...7,6мм  ip68  метрический:М12   нейлон/белый
[2019-02-15_03:25:34@products/magnit-poiskovyj-36h8@Магнит поисковый 36х8мм М5
[2019-02-15_03:25:34@products/magnit-poiskovyj-32h8@Магнит поисковый 32х8мм М5
[2019-02-15_03:25:34@products/magnit-poiskovyj-25h8@Магнит поисковый 25х8мм М5
[2019-02-15_03:25:34@products/magnit-shajba-d10hd5h35mm-stseplenie-18kg@Магнит шайба D10хd5х3.5мм: сцепление 1,8кг
[2019-02-15_03:25:34@products/ruchka-rr4836@ручка RR4836   пластик на вал d6мм (цвета в ассортименте)
[2019-02-15_03:25:34@products/ruchka-rr4817@ручка RR4817   пластик на вал d6мм (цвет - в ассортименте)
[2019-02-15_03:25:34@products/ruchka-kn32-d-64@яяяРучка KN32    d-6.4
[2019-02-15_03:25:34@products/ruchka-k7-1-d-61@яяяРучка К7-1   d-6.1
[2019-02-15_03:25:35@products/d3191@D3191   шаговый двигатель 4х фазный: 5В  28BYJ-48
[2019-02-15_03:25:35@products/d119@D119   микродвигатель коллекторный для коптера  3.7...4.2В/5000об/мин     D7х16мм (с пропеллером)
[2019-02-15_03:25:35@products/d1008-1@D1008-1   цифровая сервомашинка 15кг*см/4.8...7,2В/270°  MG995   40х19х43мм
[2019-02-15_03:25:35@products/elektromagnit-12v-15x5@электромагнит 12v   сила сцепления 1кг
[2019-02-15_03:25:35@products/elektromagnit-12v-10x10@электромагнит 12v   сила сцепления 0,3кг
[2019-02-15_03:25:35@products/ivl2-75-1-90-93@яяяИВЛ2-7/5   "1"   90-93
[2019-02-15_03:25:35@products/dg142v-508-02p-14-00a@DG142V-5.08-02P-14-00A   клеммник пружинный 2конт., 10А/300В шаг=5,08мм
[2019-02-15_03:25:35@products/dg2002-40-02p-11-100ah@DG2002-4.0-02P-11-100AH   клеммник пружинный 2х конт. 300В/9А под провод 0,25...0,75мм²     smd
[2019-02-15_03:25:35@products/dg142r-508-03p-klemmnik-pruzhinnyj-3k-508mm@DG142V-5,08-04P   клеммник пружинный 4конт., 10А/300В шаг=5,08мм
[2019-02-15_03:25:35@products/2edgrc-508-05p@2EDGRC-5.08-05P   клеммник разъемный "папа" 5к. угловой  5,08мм
[2019-02-15_03:25:36@products/2edgv-50-06p-14-00@2EDGV-5.0-06P-14-00   клеммник разъемный "папа" 6к. прямой  5,0мм
[2019-02-15_03:25:36@products/mf-usmf005-2@MF-USMF005-2   PolyFuse 30В/0.05A Imax=10А     smd:3,4х2,8х1мм
[2019-02-15_03:25:36@products/stereo-shtyr-d-35mm-4-h-kont@СТЕРЕО   штекер d=3.5мм  мини металл
[2019-02-15_03:25:36@products/10-0030-1938mm@10-0030   терминал пружинный аудио 2 конт.     19х38мм
[2019-02-15_03:25:36@products/1050570001@USB-A   розетка тип А вертикальная на плату прямая Au   1050570001
[2019-02-15_03:25:37@products/chu-12-12kont-rozetka-kabelnaya-s-kontaktami-250v3a-shag25mm-ds1069-12f@CHU-10   розетка 10конт: 250В/3А шаг=2,5мм   с обжимными контактами на провод  {DS1069-10F}
[2019-02-15_03:25:37@products/phr-9-ds1066-9-fcw-connfly@PHR-9   розетка 9 конт. на кабель с контактами  шаг=2мм   {=DS1066-9FCW}
[2019-02-15_03:25:37@products/vh-04m@VH 04M   вилка 4конт: на плату прямая     {=DS1073-4MVW6}
[2019-02-15_03:25:37@products/gnezdo-5521metall-plastik-na-korpus-s-gajkoj@Гнездо 5.5*2.1металл-пластик на корпус с гайкой
[2019-02-15_03:25:37@products/shteker-3514-pryamoj-s-shnurom-10m@Штекер 3,5х1,4  прямой с шнуром 1,8м
[2019-02-15_03:25:37@products/fw415-0-evrovilka-na-panel-s-ems-filtrom-05a@яяяFW415-0   евровилка на панель с ЭМС-фильтром 0,5А
[2019-02-15_03:25:37@products/ch1-0455-evrovilka-na-korpus-s-derzhatelem-predohranitelya@яяяCH1-0455   евровилка на корпус с держателем предохранителя
[2019-02-15_03:25:37@products/ch1-0457-evrovilka-na-korpus-s-predohranitelem-i-vyklyuchatelem@яяяCH1-0457   евровилка на корпус с предохранителем и выключателем
[2019-02-15_03:25:38@products/g6rn1a12dc-rele-1a-12v-8a250vac-5a30vdc-pcb-29h15h10mm@G6RN112DC   реле 1A 12В: 8А/250Вac, 5А/30Вdc     pcb     29х15х10мм
[2019-02-15_03:25:38@products/g4a1ape12dc@G4A1APE12DC   реле 1A 12В: 20А/250Вac     pcb  31х24х18мм
[2019-02-15_03:25:38@products/405280240000@40.52.8.024.0000   реле 2C 24Вac(!): 8А/250Вac     pcb
[2019-02-15_03:25:38@products/res91-rs4500560@РЭС91   реле герконовое 1A 2,5В: 0,1А/36В  РС4.500.560 "5"